{"n = 128": [[0.0, 0.025, 0.05, 0.075, 0.1, 0.2, 0.30000000000000004, 0.4, 0.5, 0.6, 0.7000000000000001, 0.8, 0.9, 1.0], [0.5477225575051567, 0.45072256259698645, 0.4648903638542892, 0.5092743947376269, 0.5201384335966535, 0.60357016772765, 0.6567740246224422, 0.6991312991273343, 0.7147063338438512, 0.7444931606500138, 0.7647159581792622, 0.7681717805385607, 0.7911483518242883, 0.7888292240311525]], "n = 512": [[0.0, 0.025, 0.05, 0.075, 0.1, 0.2, 0.30000000000000004, 0.4, 0.5, 0.6, 0.7000000000000001, 0.8, 0.9, 1.0], [0.5477225575051567, 0.48443874882553006, 0.5054910055787625, 0.5403140799398403, 0.5875049453897568, 0.6445513375658576, 0.692285244885448, 0.7216513013929301, 0.7430667712031258, 0.7726695846018559, 0.7682623034675925, 0.7923805342470179, 0.8056134519546007, 0.8197319858112833]], "n = 256": [[0.0, 0.025, 0.05, 0.075, 0.1, 0.2, 0.30000000000000004, 0.4, 0.5, 0.6, 0.7000000000000001, 0.8, 0.9, 1.0], [0.5477225575051567, 0.4856207798811447, 0.4943829307721033, 0.5417131686515916, 0.5373646266226699, 0.638949642298368, 0.6717956950833198, 0.7169607978228226, 0.7495098942205847, 0.7548421742605628, 0.7766379318824277, 0.7989000312656337, 0.791130821261864, 0.8195196771806031]], "n = 64": [[0.0, 0.025, 0.05, 0.075, 0.1, 0.2, 0.30000000000000004, 0.4, 0.5, 0.6, 0.7000000000000001, 0.8, 0.9, 1.0], [0.5477225575051567, 0.434307516432878, 0.41173595698792065, 0.4243318552283709, 0.4536049449617193, 0.5382376091016841, 0.5981121650716876, 0.6511178002186377, 0.6798842986930433, 0.6991710267612598, 0.7275583741652043, 0.7360154469874163, 0.7528393568370796, 0.7748332180604011]], "n = 32": [[0.0, 0.025, 0.05, 0.075, 0.1, 0.2, 0.30000000000000004, 0.4, 0.5, 0.6, 0.7000000000000001, 0.8, 0.9, 1.0], [0.5477225575051567, 0.42918485123481426, 0.3749280502209878, 0.3566256654512347, 0.35332407275246897, 0.4257194524251691, 0.4839788994073458, 0.5386828754323475, 0.5653105693312589, 0.6033950034588415, 0.6364818464409816, 0.6567495928486303, 0.6862893583858406, 0.7120983976337765]], "n = 2": [[0.0, 0.025, 0.05, 0.075, 0.1, 0.2, 0.30000000000000004, 0.4, 0.5, 0.6, 0.7000000000000001, 0.8, 0.9, 1.0], [0.5477225575051567, 0.5262169358172021, 0.5062089851998041, 0.4876559921723578, 0.4693813136693886, 0.4052500093804103, 0.35191771971049973, 0.3134119981144647, 0.2789986683954871, 0.27926411032104165, 0.2991449138478601, 0.31469078626592284, 0.35889987436876963, 0.4389863514626498]], "n = 1": [[0.0, 0.025, 0.05, 0.075, 0.1, 0.2, 0.30000000000000004, 0.4, 0.5, 0.6, 0.7000000000000001, 0.8, 0.9, 1.0], [0.5477225575051567, 0.5363444985543863, 0.5257529736746326, 0.5157081394456161, 0.5063632502593902, 0.47108221978223613, 0.4393376211089133, 0.41146217884518604, 0.3877158855281043, 0.36773518461516036, 0.35220737807957536, 0.343836222765633, 0.3509353907418858, 0.3870682577032709]], "n = 8": [[0.0, 0.025, 0.05, 0.075, 0.1, 0.2, 0.30000000000000004, 0.4, 0.5, 0.6, 0.7000000000000001, 0.8, 0.9, 1.0], [0.5477225575051567, 0.48105644506527767, 0.42690191817200335, 0.3817496029303532, 0.3497293991435467, 0.27217669506508235, 0.28790422606162824, 0.3120820303580479, 0.3550039899291489, 0.38302495556162147, 0.43210544140027224, 0.47098833890963393, 0.5203111346137494, 0.5791406863652506]], "n = 4": [[0.0, 0.025, 0.05, 0.075, 0.1, 0.2, 0.30000000000000004, 0.4, 0.5, 0.6, 0.7000000000000001, 0.8, 0.9, 1.0], [0.5477225575051567, 0.5085997519363755, 0.47303684427799253, 0.4408728011791606, 0.41246031270277705, 0.3236842813655622, 0.2700680141391343, 0.2579698844595408, 0.28735824741580807, 0.3125438314898209, 0.34497380799013394, 0.3903687941909465, 0.44244649318922874, 0.5111953528862685]], "n = 16": [[0.0, 0.025, 0.05, 0.075, 0.1, 0.2, 0.30000000000000004, 0.4, 0.5, 0.6, 0.7000000000000001, 0.8, 0.9, 1.0], [0.5477225575051567, 0.44806334106239043, 0.3879496317742367, 0.3420219686410979, 0.31883941880335404, 0.32244180453361754, 0.37377522046437095, 0.4176343664362196, 0.4683340408258099, 0.5033258257754758, 0.5315194436950921, 0.5713116143878851, 0.6029164822126613, 0.6484766385691627]]}