{"initial_reset_timestamp": 1571592900.253023, "episode_types": ["t"], "episode_rewards": [200.0], "episode_lengths": [200], "timestamps": [1571592911.294424]}