{"n = 4": [[0.0, 0.1, 0.2, 0.30000000000000004, 0.4, 0.5, 0.6000000000000001, 0.7000000000000001, 0.8, 0.9, 1.0], [0.54346485378801, 0.428796059269539, 0.35779312782235234, 0.31265585139021823, 0.29564183647635356, 0.29197174404165355, 0.3037088273939323, 0.32947101582035926, 0.36725445543497925, 0.40287112147108295, 0.46744759943536296]], "n = 1": [[0.0, 0.1, 0.2, 0.30000000000000004, 0.4, 0.5, 0.6000000000000001, 0.7000000000000001, 0.8, 0.9, 1.0], [0.54346485378801, 0.5047849723039799, 0.47246433849810865, 0.4448285711702313, 0.42094681135351497, 0.40036182521806646, 0.38570101645294547, 0.3713606198668265, 0.36745144763938714, 0.37224833322110795, 0.4287235906649878]], "n = 8": [[0.0, 0.1, 0.2, 0.30000000000000004, 0.4, 0.5, 0.6000000000000001, 0.7000000000000001, 0.8, 0.9, 1.0], [0.54346485378801, 0.3768348481525942, 0.30869664372952416, 0.3014004319968672, 0.3176627707092518, 0.3506580283533994, 0.3801481071448654, 0.4080903016933074, 0.44423724926492286, 0.4828569564130779, 0.5515071345763467]], "n = 32": [[0.0, 0.1, 0.2, 0.30000000000000004, 0.4, 0.5, 0.6000000000000001, 0.7000000000000001, 0.8, 0.9, 1.0], [0.54346485378801, 0.38173040248867984, 0.42400701052556267, 0.4781879791680802, 0.5327636893331718, 0.5692711197692031, 0.5960939858107368, 0.6183105982569412, 0.6382756342368319, 0.6771475042498616, 0.7221396547530542]], "n = 64": [[0.0, 0.1, 0.2, 0.30000000000000004, 0.4, 0.5, 0.6000000000000001, 0.7000000000000001, 0.8, 0.9, 1.0], [0.54346485378801, 0.44901690254972493, 0.5294293315352123, 0.5633300049209023, 0.6265750042572844, 0.6497895480291482, 0.6887005671978905, 0.7072408306731538, 0.7238343561751902, 0.736628561126104, 0.7427115972198909]], "n = 16": [[0.0, 0.1, 0.2, 0.30000000000000004, 0.4, 0.5, 0.6000000000000001, 0.7000000000000001, 0.8, 0.9, 1.0], [0.54346485378801, 0.3476460205031194, 0.33559784353530697, 0.37078873019804176, 0.4149060591871463, 0.4585829264597981, 0.48420455780771376, 0.5188223559772115, 0.559717797384481, 0.5862014353516993, 0.6337006428518245]], "n = 2": [[0.0, 0.1, 0.2, 0.30000000000000004, 0.4, 0.5, 0.6000000000000001, 0.7000000000000001, 0.8, 0.9, 1.0], [0.54346485378801, 0.4748206088905445, 0.4223829148877155, 0.3787480981036951, 0.35480032720093313, 0.3304763058033445, 0.31973263067929697, 0.31497175987804776, 0.321390885251986, 0.36633572115888335, 0.43991692249035547]], "n = 256": [[0.0, 0.1, 0.2, 0.30000000000000004, 0.4, 0.5, 0.6000000000000001, 0.7000000000000001, 0.8, 0.9, 1.0], [0.54346485378801, 0.5536904839660669, 0.6135985163943173, 0.6574700138066534, 0.6977048053754957, 0.7055114045116574, 0.7365564395852214, 0.7466659230557946, 0.7666555724428681, 0.7722018954057112, 0.7977331173712421]], "n = 512": [[0.0, 0.1, 0.2, 0.30000000000000004, 0.4, 0.5, 0.6000000000000001, 0.7000000000000001, 0.8, 0.9, 1.0], [0.54346485378801, 0.5331079730750352, 0.6032062442162722, 0.6681323116447991, 0.6680114562497931, 0.7420010027463585, 0.7267882756469344, 0.7745170514606101, 0.755904613032735, 0.7821919860025114, 0.7968477713150167]], "n = 128": [[0.0, 0.1, 0.2, 0.30000000000000004, 0.4, 0.5, 0.6000000000000001, 0.7000000000000001, 0.8, 0.9, 1.0], [0.54346485378801, 0.4936095828944563, 0.5939343138967805, 0.6330469523339393, 0.6902111507948514, 0.7128896473310038, 0.7065216708710516, 0.7392642173488853, 0.7645347190952325, 0.7825854830317471, 0.7775973763431321]]}