{"initial_reset_timestamp": 1571592911.453769, "episode_types": ["t"], "episode_rewards": [189.0], "episode_lengths": [189], "timestamps": [1571592921.093195]}