{"5 planning steps": [[2, 3, 4, 5, 6, 7, 8, 9, 10, 11, 12, 13, 14, 15, 16, 17, 18, 19, 20, 21, 22, 23, 24, 25, 26, 27, 28, 29, 30, 31, 32, 33, 34, 35, 36, 37, 38, 39, 40, 41, 42, 43, 44, 45, 46, 47, 48, 49, 50], [153.85000000000002, 117.1, 48.00000000000001, 24.049999999999997, 17.700000000000003, 21.7, 17.4, 17.15, 17.700000000000003, 18.0, 16.299999999999997, 16.399999999999995, 17.4, 16.849999999999998, 17.150000000000002, 18.0, 16.55, 16.549999999999997, 16.799999999999997, 16.3, 16.849999999999998, 17.3, 17.950000000000003, 17.049999999999997, 16.949999999999996, 16.499999999999996, 17.7, 17.4, 17.65, 17.3, 16.45, 16.050000000000004, 16.8, 16.199999999999996, 16.849999999999998, 16.450000000000003, 17.250000000000004, 17.45, 16.849999999999998, 16.95, 16.349999999999998, 16.349999999999998, 16.3, 15.949999999999998, 16.65, 16.9, 17.0, 16.6, 17.0]], "50 planning steps": [[2, 3, 4, 5, 6, 7, 8, 9, 10, 11, 12, 13, 14, 15, 16, 17, 18, 19, 20, 21, 22, 23, 24, 25, 26, 27, 28, 29, 30, 31, 32, 33, 34, 35, 36, 37, 38, 39, 40, 41, 42, 43, 44, 45, 46, 47, 48, 49, 50], [40.650000000000006, 23.949999999999996, 17.150000000000002, 17.15, 20.25, 16.900000000000002, 16.049999999999997, 17.35, 17.799999999999997, 16.650000000000002, 17.2, 16.25, 16.950000000000003, 17.15, 16.9, 18.6, 16.499999999999996, 16.2, 15.549999999999999, 16.6, 17.150000000000002, 17.0, 16.650000000000002, 15.599999999999996, 16.199999999999996, 16.799999999999997, 15.799999999999997, 16.900000000000002, 15.799999999999999, 16.199999999999996, 16.75, 17.099999999999994, 15.7, 16.7, 16.300000000000004, 15.949999999999998, 15.899999999999999, 16.650000000000002, 16.049999999999997, 15.499999999999998, 15.799999999999995, 16.4, 16.499999999999996, 16.15, 16.650000000000002, 17.099999999999998, 16.15, 16.25, 16.25]], "0 planning steps": [[2, 3, 4, 5, 6, 7, 8, 9, 10, 11, 12, 13, 14, 15, 16, 17, 18, 19, 20, 21, 22, 23, 24, 25, 26, 27, 28, 29, 30, 31, 32, 33, 34, 35, 36, 37, 38, 39, 40, 41, 42, 43, 44, 45, 46, 47, 48, 49, 50], [599.9, 409.75000000000006, 234.65000000000003, 258.90000000000003, 304.40000000000003, 235.70000000000002, 157.8, 173.70000000000005, 129.55, 115.0, 109.7, 136.45000000000002, 137.85000000000002, 112.0, 88.25000000000001, 83.09999999999998, 78.99999999999999, 90.14999999999999, 86.60000000000001, 67.2, 59.7, 60.9, 46.849999999999994, 34.199999999999996, 18.6, 18.250000000000007, 18.3, 18.150000000000002, 16.5, 17.1, 19.350000000000005, 16.8, 17.150000000000002, 18.650000000000002, 17.450000000000003, 16.65, 19.200000000000003, 17.450000000000003, 17.000000000000004, 17.949999999999996, 17.049999999999997, 17.299999999999997, 18.250000000000004, 17.1, 18.199999999999996, 16.950000000000003, 19.05, 16.65, 17.349999999999998]]}