{"Random": [0.37000000000000016, 0.23000000000000007, 0.16, 0.15, 0.17, 0.12999999999999998, 0.13999999999999999, 0.21000000000000005, 0.21000000000000005, 0.19000000000000003, 0.22000000000000006, 0.21000000000000005, 0.22000000000000006, 0.24000000000000007, 0.2700000000000001, 0.23000000000000007, 0.26000000000000006, 0.2800000000000001, 0.26000000000000006, 0.23000000000000007, 0.21000000000000005, 0.19000000000000003, 0.18000000000000002, 0.18000000000000002, 0.18000000000000002, 0.19000000000000003, 0.20000000000000004, 0.20000000000000004, 0.20000000000000004, 0.21000000000000005, 0.20000000000000004, 0.20000000000000004, 0.17, 0.18000000000000002, 0.19000000000000003, 0.20000000000000004, 0.20000000000000004, 0.20000000000000004, 0.21000000000000005, 0.22000000000000006, 0.22000000000000006, 0.24000000000000007, 0.26000000000000006, 0.2700000000000001, 0.2700000000000001, 0.2900000000000001, 0.3000000000000001, 0.2800000000000001, 0.26000000000000006, 0.26000000000000006, 0.26000000000000006, 0.2700000000000001, 0.2900000000000001, 0.2900000000000001, 0.2900000000000001, 0.2900000000000001, 0.3100000000000001, 0.2900000000000001, 0.2900000000000001, 0.2900000000000001, 0.3000000000000001, 0.2900000000000001, 0.25000000000000006, 0.2700000000000001, 0.2700000000000001, 0.2700000000000001, 0.2700000000000001, 0.26000000000000006, 0.25000000000000006, 0.25000000000000006, 0.2700000000000001, 0.26000000000000006, 0.26000000000000006, 0.26000000000000006, 0.2700000000000001, 0.26000000000000006, 0.2800000000000001, 0.2900000000000001, 0.3300000000000001, 0.34000000000000014, 0.34000000000000014, 0.3100000000000001, 0.2900000000000001, 0.2900000000000001, 0.2800000000000001, 0.2900000000000001, 0.2800000000000001, 0.2900000000000001, 0.2900000000000001, 0.2900000000000001, 0.2900000000000001, 0.2900000000000001, 0.3000000000000001, 0.3100000000000001, 0.3100000000000001, 0.2900000000000001, 0.2900000000000001, 0.2900000000000001, 0.3000000000000001, 0.3100000000000001], "\u03b5Greedy": [0.4200000000000002, 0.3200000000000001, 0.24000000000000007, 0.15, 0.17, 0.16, 0.20000000000000004, 0.21000000000000005, 0.23000000000000007, 0.24000000000000007, 0.24000000000000007, 0.24000000000000007, 0.23000000000000007, 0.23000000000000007, 0.26000000000000006, 0.25000000000000006, 0.2900000000000001, 0.3000000000000001, 0.3100000000000001, 0.2900000000000001, 0.2700000000000001, 0.3000000000000001, 0.3200000000000001, 0.3000000000000001, 0.3200000000000001, 0.3100000000000001, 0.3200000000000001, 0.3100000000000001, 0.3100000000000001, 0.3100000000000001, 0.3300000000000001, 0.34000000000000014, 0.3200000000000001, 0.3200000000000001, 0.34000000000000014, 0.35000000000000014, 0.36000000000000015, 0.37000000000000016, 0.35000000000000014, 0.37000000000000016, 0.3300000000000001, 0.36000000000000015, 0.36000000000000015, 0.35000000000000014, 0.36000000000000015, 0.36000000000000015, 0.37000000000000016, 0.35000000000000014, 0.37000000000000016, 0.3900000000000002, 0.4000000000000002, 0.4000000000000002, 0.4200000000000002, 0.4200000000000002, 0.4200000000000002, 0.4000000000000002, 0.4100000000000002, 0.4100000000000002, 0.4000000000000002, 0.4200000000000002, 0.4400000000000002, 0.4400000000000002, 0.4400000000000002, 0.4300000000000002, 0.4400000000000002, 0.45000000000000023, 0.45000000000000023, 0.4300000000000002, 0.4100000000000002, 0.4300000000000002, 0.4400000000000002, 0.4400000000000002, 0.45000000000000023, 0.4400000000000002, 0.45000000000000023, 0.45000000000000023, 0.4300000000000002, 0.4300000000000002, 0.4400000000000002, 0.4300000000000002, 0.4100000000000002, 0.4000000000000002, 0.4100000000000002, 0.4200000000000002, 0.4200000000000002, 0.4100000000000002, 0.4100000000000002, 0.4200000000000002, 0.4300000000000002, 0.4300000000000002, 0.4300000000000002, 0.4200000000000002, 0.4200000000000002, 0.4200000000000002, 0.4400000000000002, 0.46000000000000024, 0.48000000000000026, 0.45000000000000023, 0.45000000000000023, 0.48000000000000026], "Softmax": [0.3200000000000001, 0.23000000000000007, 0.22000000000000006, 0.24000000000000007, 0.21000000000000005, 0.20000000000000004, 0.19000000000000003, 0.18000000000000002, 0.17, 0.20000000000000004, 0.21000000000000005, 0.20000000000000004, 0.20000000000000004, 0.21000000000000005, 0.19000000000000003, 0.24000000000000007, 0.25000000000000006, 0.23000000000000007, 0.21000000000000005, 0.23000000000000007, 0.21000000000000005, 0.23000000000000007, 0.22000000000000006, 0.23000000000000007, 0.26000000000000006, 0.2700000000000001, 0.26000000000000006, 0.25000000000000006, 0.24000000000000007, 0.24000000000000007, 0.25000000000000006, 0.25000000000000006, 0.25000000000000006, 0.23000000000000007, 0.25000000000000006, 0.25000000000000006, 0.24000000000000007, 0.26000000000000006, 0.2700000000000001, 0.26000000000000006, 0.2700000000000001, 0.26000000000000006, 0.23000000000000007, 0.23000000000000007, 0.25000000000000006, 0.24000000000000007, 0.25000000000000006, 0.2700000000000001, 0.2700000000000001, 0.2800000000000001, 0.2700000000000001, 0.2700000000000001, 0.26000000000000006, 0.2700000000000001, 0.2700000000000001, 0.2800000000000001, 0.2700000000000001, 0.2800000000000001, 0.3200000000000001, 0.3300000000000001, 0.34000000000000014, 0.35000000000000014, 0.35000000000000014, 0.34000000000000014, 0.3300000000000001, 0.35000000000000014, 0.34000000000000014, 0.35000000000000014, 0.3300000000000001, 0.3300000000000001, 0.3300000000000001, 0.3300000000000001, 0.3200000000000001, 0.35000000000000014, 0.35000000000000014, 0.37000000000000016, 0.36000000000000015, 0.36000000000000015, 0.36000000000000015, 0.34000000000000014, 0.35000000000000014, 0.36000000000000015, 0.36000000000000015, 0.3900000000000002, 0.4100000000000002, 0.4200000000000002, 0.4300000000000002, 0.4400000000000002, 0.4200000000000002, 0.4200000000000002, 0.4200000000000002, 0.4200000000000002, 0.4200000000000002, 0.4100000000000002, 0.4000000000000002, 0.3900000000000002, 0.38000000000000017, 0.3900000000000002, 0.3900000000000002, 0.4000000000000002],