{"Replacing traces Sarsa(\u03bb)": [[0.2, 0.4, 0.6000000000000001, 0.8, 1.0, 1.2, 1.4000000000000001, 1.6, 1.8, 2.0], [-506.2, -345.0, -310.25, -279.0, -260.8, -257.05, -270.95, -293.5, -270.5, -282.1]], "True online Sarsa(\u03bb)": [[0.2, 0.4, 0.6000000000000001, 0.8, 1.0, 1.2, 1.4000000000000001, 1.6, 1.8, 2.0], [-331.3, -255.25, -265.65, -251.7, -270.05, -234.65, -241.1, -261.0, -303.3, -2912.85]], "Accumulating traces Sarsa(\u03bb)": [[0.2, 0.4, 0.6], [-426.2, -336.85, -251.75]], "Clearing traces Sarsa(\u03bb)": [[0.2, 0.4, 0.6000000000000001, 0.8, 1.0, 1.2, 1.4000000000000001, 1.6, 1.8, 2.0], [-610.95, -426.5, -382.25, -333.4, -303.35, -302.8, -302.45, -301.9, -311.9, -323.2]]}