{"\u03bb = 0.84": [[0.25, 0.5, 0.75, 1.0, 1.25, 1.5, 1.75], [294.56000000000006, 230.24000000000012, 221.2999999999999, 197.85999999999999, 202.4, 195.5999999999999, 194.10000000000002]], "\u03bb = 0.99": [[0.25, 0.5, 0.75, 1.0, 1.25, 1.5, 1.75], [199.99999999999972, 223.32000000000053, 160.8399999999998, 144.2000000000001, 204.95999999999967, 231.03999999999996, 277.52000000000015]], "\u03bb = 0.96": [[0.25, 0.5, 0.75, 1.0, 1.25, 1.5, 1.75], [215.57999999999947, 179.56000000000003, 210.1000000000002, 195.51999999999987, 159.90000000000003, 145.4199999999999, 190.18]], "\u03bb = 0.0": [[0.25, 0.5, 0.75, 1.0, 1.25, 1.5, 1.75], [362.89999999999986, 286.6, 247.46000000000004, 236.14000000000001, 222.01999999999992, 228.0599999999999, 218.50000000000003]], "\u03bb = 0.98": [[0.25, 0.5, 0.75, 1.0, 1.25, 1.5, 1.75], [211.61999999999966, 238.95999999999992, 218.10000000000016, 175.74000000000035, 175.82000000000036, 193.10000000000005, 255.3200000000001]], "\u03bb = 0.68": [[0.25, 0.5, 0.75, 1.0, 1.25, 1.5, 1.75], [316.32000000000005, 250.62000000000006, 217.35999999999999, 207.54000000000016, 205.7000000000001, 212.34000000000012, 197.18000000000004]], "\u03bb = 0.92": [[0.25, 0.5, 0.75, 1.0, 1.25, 1.5, 1.75], [239.2399999999999, 184.16000000000003, 200.06, 174.67999999999998, 189.70000000000007, 182.26000000000002, 183.0600000000001]]}