{"\u03b1": [0.85, 0.8, 0.75, 0.55, 0.35, 0.25, 0.2, 0.15, 0.1, 0.05], "replacing traces": [[0, 0.2, 0.4, 0.6, 0.8, 0.9, 0.925, 0.95, 0.975, 1.0], [0.3395150562185594, 0.2920760495393262, 0.25888054119206694, 0.2452252718476831, 0.26201659181456977, 0.2823885412150535, 0.3130856640885006, 0.3479114249547013, 0.3968057391564071, 0.4706898711226146], [0.007405853989255473, 0.015593870016016032, 0.017820763465976552, 0.018231038665822902, 0.01758522066573512, 0.014326096909421548, 0.013653101393808598, 0.011416775104580057, 0.008215828322157337, 0.008420514740571872], [0.01514918711078378, 0.02286271949981955, 0.04061368705131885, 0.03271661541719001, 0.02780896524617399, 0.02986117608435096, 0.01920910705031187, 0.015649522972798202, 0.011155114740760308, 0.009093552781508751]], "accumulating traces": [[0, 0.2, 0.4, 0.6, 0.8, 0.9, 0.925, 0.95, 0.975, 1.0], [0.3410874539194124, 0.29158654199597045, 0.2608277839199734, 0.24337099001896362, 0.2484679682923513, 0.2874506181582177, 0.3068964054253175, 0.3310469222796485, 0.3808889227290419, 0.6011657168406352], [0.007874705703275864, 0.014616897444476473, 0.018232120512568117, 0.021568485373700486, 0.022482179434965555, 0.026173562538022777, 0.02853131031611278, 0.02667741945329899, 0.03189830313451453, 0.07986302395766998], [0.012837788573938469, 0.028862183711532263, 0.03658983390451187, 0.040171872885088555, 0.04510709594191148, 0.04016181612970937, 0.0401871160392378, 0.03820927863087015, 0.037458086632254306, 0.09044782581901822]]}