{"\u03bb = 0.95": [[0.0, 0.01643416490252571, 0.03286832980505142, 0.04930249470757714, 0.06573665961010285, 0.08217082451262855, 0.09860498941515428, 0.11503915431767998, 0.1314733192202057, 0.14790748412273141, 0.1643416490252571, 0.18077581392778283, 0.19720997883030855, 0.21364414373283425, 0.23007830863535997, 0.24651247353788566, 0.2629466384404114, 0.2793808033429371, 0.29581496824546283, 0.3122491331479885, 0.3286832980505142], [0.5477225575051623, 0.48115339839348437, 0.43031610910644463, 0.38929110602254396, 0.362953791625143, 0.34071250318221324, 0.33808790974637315, 0.31850876536504386, 0.3373441178560536, 0.3340334942285667, 0.3473497800989286, 0.3603266535620458, 0.3789590873545735, 0.38414195450258815, 0.4212084106807531, 0.43441269704059077, 0.4594002320702633, 0.48495824689849953, 0.504209295809174, 0.5256775830688608, 0.5342739040159163]], "\u03bb = 1": [[0.0, 0.0025410196624968628, 0.0050820393249937255, 0.007623058987490588, 0.010164078649987451, 0.012705098312484314, 0.015246117974981176, 0.01778713763747804, 0.020328157299974902, 0.022869176962471763, 0.02541019662496863, 0.02795121628746549, 0.03049223594996235, 0.03303325561245921, 0.03557427527495608, 0.03811529493745294, 0.040656314599949804, 0.043197334262446666, 0.04573835392494353, 0.048279373587440395, 0.05082039324993726], [0.5477225575051623, 0.5269966670337489, 0.5166859682363293, 0.5052958064239907, 0.4980741640275345, 0.500404934967529, 0.5050839757323139, 0.49349235296322363, 0.4997729702679471, 0.5116070347683986, 0.5156401603380735, 0.5148766910216637, 0.5403736283271512, 0.5365428308309377, 0.5748908110010755, 0.5636272358769613, 0.5816147828842738, 0.6104248315981801, 0.6179422623733455, 0.6071141070594335, 0.6171397612024797]], "\u03bb = 0.975": [[0.0, 0.010079191812887484, 0.02015838362577497, 0.030237575438662453, 0.04031676725154994, 0.05039595906443742, 0.060475150877324906, 0.0705543426902124, 0.08063353450309987, 0.09071272631598735, 0.10079191812887484, 0.11087110994176233, 0.12095030175464981, 0.1310294935675373, 0.1411086853804248, 0.15118787719331225, 0.16126706900619975, 0.17134626081908724, 0.1814254526319747, 0.1915046444448622, 0.20158383625774967], [0.5477225575051623, 0.4949303958587551, 0.45760756011490994, 0.4244387150526391, 0.39769112648924815, 0.38904750563686374, 0.37970442932440324, 0.3860653372535794, 0.3836830022714445, 0.394984187477401, 0.40128109260714195, 0.40617546559050033, 0.41921636308952837, 0.44451325454780644, 0.4523005307428389, 0.4635397437850467, 0.4752076894395648, 0.5162610602277888, 0.5311549748360495, 0.5637449168535864, 0.5695106505390263]], "\u03bb = 0.4": [[0.0, 0.05, 0.1, 0.15000000000000002, 0.2, 0.25, 0.30000000000000004, 0.35000000000000003, 0.4, 0.45, 0.5, 0.55, 0.6000000000000001, 0.65, 0.7000000000000001, 0.75, 0.8, 0.8500000000000001, 0.9, 0.9500000000000001, 1.0], [0.5477225575051623, 0.5126970529103934, 0.4811990611306528, 0.45175771871068826, 0.4245254799905638, 0.4003913449664348, 0.3756965130494698, 0.3542885684987512, 0.33331471697854687, 0.3142059807168995, 0.3038525122453866, 0.2918868511002049, 0.2780444653246583, 0.27576333113601514, 0.27657914953500484, 0.278686635934976, 0.2788026755451694, 0.2843341004635598, 0.2976045905005788, 0.31086890700740105, 0.31661864680361773]], "\u03bb = 0": [[0.0, 0.05, 0.1, 0.15000000000000002, 0.2, 0.25, 0.30000000000000004, 0.35000000000000003, 0.4, 0.45, 0.5, 0.55, 0.6000000000000001, 0.65, 0.7000000000000001, 0.75, 0.8, 0.8500000000000001, 0.9, 0.9500000000000001, 1.0], [0.5477225575051623, 0.5257644317567434, 0.5062443183300175, 0.4879894149081135, 0.47146186280724955, 0.45524167375608965, 0.4400933637901011, 0.4256296055383097, 0.41153597233534955, 0.3974280304240646, 0.38672543081599337, 0.38003292884731316, 0.37046225028314744, 0.35792148690348846, 0.3520291317131539, 0.3462438124576612, 0.3446280463909132, 0.34086301732451374, 0.3485358955063091, 0.3654939905741656, 0.3873870559675991]], "\u03bb = 0.99": [[0.0, 0.005742346141747684, 0.011484692283495367, 0.01722703842524305, 0.022969384566990735, 0.02871173070873842, 0.0344540768504861, 0.040196422992233784, 0.04593876913398147, 0.051681115275729154, 0.05742346141747684, 0.06316580755922452, 0.0689081537009722, 0.07465049984271989, 0.08039284598446757, 0.08613519212621526, 0.09187753826796294, 0.09761988440971062, 0.10336223055145831, 0.10910457669320599, 0.11484692283495368], [0.5477225575051623, 0.510114228108845, 0.48339043432743645, 0.4629108564252008, 0.44349308502630513, 0.44117248430340816, 0.43734513116999374, 0.42957039053503, 0.4379060804048632, 0.424242231114633, 0.4655647094760543, 0.44763221057772795, 0.4532700669291926, 0.48797376927508657, 0.46485017213677104, 0.5105729801545951, 0.5313983426663818, 0.5663984543365178, 0.5692772935328666, 0.5974164289335729, 0.5918441078839763]], "\u03bb = 0.9": [[0.0, 0.027094750193111257, 0.054189500386222514, 0.08128425057933378, 0.10837900077244503, 0.13547375096555628, 0.16256850115866756, 0.1896632513517788, 0.21675800154489006, 0.2438527517380013, 0.27094750193111256, 0.2980422521242238, 0.3251370023173351, 0.35223175251044636, 0.3793265027035576, 0.40642125289666886, 0.4335160030897801, 0.46061075328289136, 0.4877055034760026, 0.5148002536691139, 0.5418950038622251], [0.5477225575051623, 0.47382188978104434, 0.4185475862122803, 0.36469792300557546, 0.3281191292372785, 0.30734519184941755, 0.3081120293895497, 0.2928530493273622, 0.29789366482996815, 0.28639078549828273, 0.3078713988635074, 0.3419111570562114, 0.34142464925684807, 0.3501847759490681, 0.3944269821278761, 0.3997663673247776, 0.42391324647646683, 0.4591694142794204, 0.46116364856571124, 0.501266944505267, 0.5564457099357746]], "\u03bb = 0.8": [[0.0, 0.044, 0.088, 0.132, 0.176, 0.21999999999999997, 0.264, 0.308, 0.352, 0.39599999999999996, 0.43999999999999995, 0.484, 0.528, 0.572, 0.616, 0.6599999999999999, 0.704, 0.748, 0.7919999999999999, 0.836, 0.88], [0.5477225575051623, 0.4731663084007981, 0.41014924049002743, 0.35768613756204254, 0.3098841151651406, 0.2819615303568391, 0.27902967525188904, 0.2571593433274625, 0.25373552088465007, 0.27988540813814033, 0.28763208002230595, 0.3029556658472559, 0.3253017847853291, 0.3314108263483739, 0.3494341832227442, 0.39119478083184117, 0.39400757431929745, 0.42329473921134114, 0.45892989567551284, 0.49514241887290417, 0.5259894908406328]]}