{"\u03bb = 0": [[0.0, 0.05, 0.1, 0.15000000000000002, 0.2, 0.25, 0.30000000000000004, 0.35000000000000003, 0.4, 0.45, 0.5, 0.55, 0.6000000000000001, 0.65, 0.7000000000000001, 0.75, 0.8, 0.8500000000000001, 0.9, 0.9500000000000001, 1.0], [0.5477225575051623, 0.5287279863875527, 0.515770628409092, 0.5069224711963045, 0.5001013849056396, 0.4955904152793095, 0.4927147250152926, 0.48767710365847866, 0.4852393858472744, 0.4825713427231654, 0.4817189755724386, 0.47773036949512027, 0.47641283290035913, 0.4771699394508825, 0.4765440070399761, 0.47551658442613276, 0.4767126685426937, 0.4740894551031114, 0.4748567484073311, 0.4770171385773844, 0.47648278572037533]], "\u03bb = 0.95": [[0.0, 0.05, 0.1, 0.15000000000000002, 0.2, 0.25, 0.30000000000000004, 0.35000000000000003, 0.4, 0.45, 0.5, 0.55, 0.6000000000000001, 0.65, 0.7000000000000001, 0.75, 0.8, 0.8500000000000001, 0.9, 0.9500000000000001, 1.0], [0.5477225575051623, 0.400582092123305, 0.3289880351152155, 0.2989361108992602, 0.29379420017342134, 0.2994140770213874, 0.28583150748846287, 0.30250651322653005, 0.3133834725679342, 0.31629282241389806, 0.32907075220208937, 0.3467499163769985, 0.3449379177233754, 0.3656677800866035, 0.3659094135898936, 0.3799337053546669, 0.3952522961760209, 0.3961787253748206, 0.4005999832101662, 0.40638331902291763, 0.4235803796775134]], "\u03bb = 0.4": [[0.0, 0.05, 0.1, 0.15000000000000002, 0.2, 0.25, 0.30000000000000004, 0.35000000000000003, 0.4, 0.45, 0.5, 0.55, 0.6000000000000001, 0.65, 0.7000000000000001, 0.75, 0.8, 0.8500000000000001, 0.9, 0.9500000000000001, 1.0], [0.5477225575051623, 0.5168289469597076, 0.49459508602330216, 0.4795126810619033, 0.46585904910128295, 0.45703156560160174, 0.4477485285489844, 0.44211478874554616, 0.43254820967096, 0.4226482340180389, 0.42118240067382345, 0.41579462027159736, 0.4120334305211219, 0.4099648376976797, 0.40161179933431623, 0.4056715506763265, 0.40087180402654826, 0.39889915713265955, 0.39483380493006537, 0.39008498416843856, 0.3872816620414442]], "\u03bb = 0.8": [[0.0, 0.05, 0.1, 0.15000000000000002, 0.2, 0.25, 0.30000000000000004, 0.35000000000000003, 0.4, 0.45, 0.5, 0.55, 0.6000000000000001, 0.65, 0.7000000000000001, 0.75, 0.8, 0.8500000000000001, 0.9, 0.9500000000000001, 1.0], [0.5477225575051623, 0.47421340009850055, 0.42507266019067064, 0.39031812773426083, 0.36342647179054427, 0.3465831419064608, 0.32518899763556686, 0.3176601389076438, 0.3012090432738767, 0.28454153718954817, 0.28055482211861116, 0.2707129815591229, 0.26787971674801336, 0.2598889420669895, 0.25472537000811196, 0.25242236001970636, 0.2505681549668037, 0.24899898872140136, 0.2628686317829977, 0.2596244312801342, 0.25677772198779814]], "\u03bb = 0.99": [[0.0, 0.013100000000000011, 0.026200000000000022, 0.03930000000000003, 0.052400000000000044, 0.06550000000000006, 0.07860000000000006, 0.09170000000000007, 0.10480000000000009, 0.1179000000000001, 0.13100000000000012, 0.14410000000000012, 0.15720000000000012, 0.17030000000000015, 0.18340000000000015, 0.19650000000000017, 0.20960000000000018, 0.22270000000000018, 0.2358000000000002, 0.2489000000000002, 0.26200000000000023], [0.5477225575051623, 0.47531235766991414, 0.4355034920679227, 0.4270273486102306, 0.41360694782369495, 0.413172041359023, 0.4177660950302672, 0.4271300959377623, 0.4296747800766032, 0.43258253898056503, 0.43971601336963945, 0.45414252245974923, 0.4668103637834816, 0.4831587097505299, 0.4817304618682328, 0.4756537095944129, 0.5043339171011905, 0.5067506001561052, 0.5284748168192058, 0.535549754376978, 0.5310744721083275]], "\u03bb = 0.9": [[0.0, 0.05, 0.1, 0.15000000000000002, 0.2, 0.25, 0.30000000000000004, 0.35000000000000003, 0.4, 0.45, 0.5, 0.55, 0.6000000000000001, 0.65, 0.7000000000000001, 0.75, 0.8, 0.8500000000000001, 0.9, 0.9500000000000001, 1.0], [0.5477225575051623, 0.43610383801222763, 0.3683811050592651, 0.32353661580672743, 0.29050907197450443, 0.2764670057378959, 0.25345137129992923, 0.25747048258244654, 0.2507029497001552, 0.2513314418291607, 0.25085273368266264, 0.25408845415866615, 0.2371368567171445, 0.25351893760879046, 0.2597187967801029, 0.2675986988923405, 0.27426949360381353, 0.2738593864085777, 0.287309185606542, 0.28643025545657824, 0.29365351861481903]], "\u03bb = 1": [[0.0, 0.004600000000000005, 0.00920000000000001, 0.013800000000000015, 0.01840000000000002, 0.023000000000000027, 0.02760000000000003, 0.032200000000000034, 0.03680000000000004, 0.04140000000000005, 0.046000000000000055, 0.050600000000000055, 0.05520000000000006, 0.05980000000000007, 0.06440000000000007, 0.06900000000000008, 0.07360000000000008, 0.07820000000000009, 0.0828000000000001, 0.0874000000000001, 0.0920000000000001], [0.5477225575051623, 0.5180146331631849, 0.5009216905486836, 0.4936292735754949, 0.48383160155804394, 0.48075401095661574, 0.4960138960073797, 0.475611126239133, 0.5001284352274474, 0.49016320916591555, 0.49606307224399687, 0.49207051714462513, 0.5253094787610745, 0.5134884125693068, 0.5322162622900253, 0.5573699799071679, 0.5616963838143234, 0.5513310602839745, 0.5318719020968794, 0.5511827033955665, 0.5502761602087363]], "\u03bb = 0.975": [[0.0, 0.025850000000000022, 0.051700000000000045, 0.07755000000000006, 0.10340000000000009, 0.12925000000000011, 0.15510000000000013, 0.18095000000000017, 0.20680000000000018, 0.2326500000000002, 0.25850000000000023, 0.28435000000000027, 0.31020000000000025, 0.3360500000000003, 0.36190000000000033, 0.3877500000000003, 0.41360000000000036, 0.4394500000000004, 0.4653000000000004, 0.4911500000000004, 0.5170000000000005], [0.5477225575051623, 0.43775657826858344, 0.3889826499694709, 0.35826313714762137, 0.35009401013424996, 0.3438887128874908, 0.34106709471802593, 0.35736335444754264, 0.38273061506955863, 0.3694741924187808, 0.3771203169666232, 0.39058756981772, 0.40749328899395487, 0.4094406507076282, 0.43964895514578883, 0.42548199813767035, 0.44212432807775465, 0.4525088523547846, 0.45502266208956815, 0.45522335981538, 0.47389474078434524]]}