{"\u03bb = 0.9": [[0.0, 0.05, 0.1, 0.15000000000000002, 0.2, 0.25, 0.30000000000000004, 0.35000000000000003, 0.4, 0.45, 0.5, 0.55, 0.6000000000000001, 0.65, 0.7000000000000001, 0.75, 0.8, 0.8500000000000001, 0.9, 0.9500000000000001, 1.0], [0.5477225575051623, 0.42580436997569626, 0.35020338356039377, 0.30201029899978415, 0.2774289404035971, 0.27663979562994895, 0.26992638653244755, 0.2947491687531378, 0.28273213863511354, 0.3026655532157887, 0.33047242223178114, 0.34106106181581974, 0.34646907388208015, 0.36252299713537717, 0.3834945289001111, 0.3649587369044019, 0.38183018915492994, 0.41493907929546475, 0.4129881216457464, 0.4367797902425774, 0.4322311554719062]], "\u03bb = 0.95": [[0.0, 0.05, 0.1, 0.15000000000000002, 0.2, 0.25, 0.30000000000000004, 0.35000000000000003, 0.4, 0.45, 0.5, 0.55, 0.6000000000000001, 0.65, 0.7000000000000001, 0.75, 0.8, 0.8500000000000001, 0.9, 0.9500000000000001, 1.0], [0.5477225575051623, 0.39610937165486887, 0.3436359753137088, 0.3355224905905992, 0.3065206577661288, 0.3176068777108548, 0.346231069433722, 0.3516587125154151, 0.3637528256574733, 0.38409930813936666, 0.3948156848077421, 0.4297292188415601, 0.42563210797578344, 0.4240538417783317, 0.4413985796439155, 0.4650819060128335, 0.46301359327262903, 0.4779359840057467, 0.49435654489473485, 0.5017954130326051, 0.4981392975091205]], "\u03bb = 1": [[0.0, 0.005, 0.01, 0.015, 0.02, 0.025, 0.03, 0.035, 0.04, 0.045, 0.05, 0.055, 0.06, 0.065, 0.07, 0.075, 0.08, 0.085, 0.09, 0.095, 0.1], [0.5477225575051623, 0.5160341639007385, 0.49358503360156397, 0.49803847223789527, 0.4874449718300282, 0.48752709477625145, 0.49119832550847314, 0.495941050992129, 0.5111225363004287, 0.5022776260344838, 0.5146854301182258, 0.503446899888858, 0.5090907056973841, 0.5148945958966624, 0.5450823969513993, 0.5405881532018724, 0.521204742433776, 0.5591569581883825, 0.5433645870959224, 0.551476933339763, 0.5843198406103934]], "\u03bb = 0.975": [[0.0, 0.042499999999999996, 0.08499999999999999, 0.1275, 0.16999999999999998, 0.21249999999999997, 0.255, 0.2975, 0.33999999999999997, 0.38249999999999995, 0.42499999999999993, 0.46749999999999997, 0.51, 0.5525, 0.595, 0.6375, 0.6799999999999999, 0.7224999999999999, 0.7649999999999999, 0.8074999999999999, 0.85], [0.5477225575051623, 0.40833104120121844, 0.3636980255057383, 0.3618303414804718, 0.3685770520380235, 0.3886632606599888, 0.40657950238586305, 0.4111678542593951, 0.4316332471794395, 0.451484747638656, 0.45817210172581996, 0.46697623858419035, 0.49261116665197086, 0.4878064673175874, 0.49930499483088236, 0.5227059878867434, 0.5066571486487639, 0.5421904322292287, 0.5254394384412141, 0.5301712406464661, 0.5572861674791774]], "\u03bb = 0": [[0.0, 0.05, 0.1, 0.15000000000000002, 0.2, 0.25, 0.30000000000000004, 0.35000000000000003, 0.4, 0.45, 0.5, 0.55, 0.6000000000000001, 0.65, 0.7000000000000001, 0.75, 0.8, 0.8500000000000001, 0.9, 0.9500000000000001, 1.0], [0.5477225575051623, 0.5257550775124383, 0.5061133633626055, 0.4880195918866702, 0.47087768483140113, 0.4549364280697596, 0.44032085684268873, 0.42500136659515547, 0.41184955717166455, 0.3981706929730039, 0.3886622387999105, 0.3784784990984097, 0.36855923003102853, 0.3586164346922498, 0.35571112083227685, 0.34770568522423584, 0.34835136229706626, 0.3464998807553231, 0.35068131393654456, 0.36227774097634835, 0.3907883369702316]], "\u03bb = 0.99": [[0.0, 0.017499999999999998, 0.034999999999999996, 0.05249999999999999, 0.06999999999999999, 0.0875, 0.10499999999999998, 0.12249999999999998, 0.13999999999999999, 0.15749999999999997, 0.175, 0.19249999999999998, 0.20999999999999996, 0.22749999999999998, 0.24499999999999997, 0.26249999999999996, 0.27999999999999997, 0.2975, 0.31499999999999995, 0.33249999999999996, 0.35], [0.5477225575051623, 0.4652559883506164, 0.4303223094086378, 0.41370108329575084, 0.42955447707934086, 0.41699308118217526, 0.4171470559878174, 0.4531003967779403, 0.4601290759897241, 0.46436762317334945, 0.45967275373320354, 0.4920923917819904, 0.4704634250220772, 0.4857220232820854, 0.49268377704603755, 0.4968068668413658, 0.5183665463773485, 0.5174193423570456, 0.5334290474192582, 0.5331616982178491, 0.5503746583549756]], "\u03bb = 0.8": [[0.0, 0.05, 0.1, 0.15000000000000002, 0.2, 0.25, 0.30000000000000004, 0.35000000000000003, 0.4, 0.45, 0.5, 0.55, 0.6000000000000001, 0.65, 0.7000000000000001, 0.75, 0.8, 0.8500000000000001, 0.9, 0.9500000000000001, 1.0], [0.5477225575051623, 0.4658459981714254, 0.4001041054109365, 0.3483723131065711, 0.31789164835316286, 0.2847907256434172, 0.27838175416177496, 0.26108206291390806, 0.2584969944925626, 0.25173272932374136, 0.26629784463314843, 0.27365797927869295, 0.2916539707277313, 0.3039281762017572, 0.3142110584570403, 0.3338565333664723, 0.34693936767705413, 0.36887876240296485, 0.35198146324049023, 0.37623694929558993, 0.381979286024423]], "\u03bb = 0.4": [[0.0, 0.05, 0.1, 0.15000000000000002, 0.2, 0.25, 0.30000000000000004, 0.35000000000000003, 0.4, 0.45, 0.5, 0.55, 0.6000000000000001, 0.65, 0.7000000000000001, 0.75, 0.8, 0.8500000000000001, 0.9, 0.9500000000000001, 1.0], [0.5477225575051623, 0.5127846424695112, 0.4812875259892763, 0.45269528508934614, 0.4257095872656604, 0.40120206234886585, 0.37793655356482014, 0.36029034837739227, 0.33630947449731863, 0.3191461685215916, 0.30560859856090394, 0.29547026663329706, 0.2812876575163686, 0.2762009692010723, 0.26666075353779145, 0.2745532250915289, 0.2832274461030949, 0.29020087011047824, 0.2813085317717829, 0.29828905409824646, 0.3039715727041059]]}