{"\u03bb = 0.99": [[0.0, 0.017499999999999998, 0.034999999999999996, 0.05249999999999999, 0.06999999999999999, 0.0875, 0.10499999999999998, 0.12249999999999998, 0.13999999999999999, 0.15749999999999997, 0.175, 0.19249999999999998, 0.20999999999999996, 0.22749999999999998, 0.24499999999999997, 0.26249999999999996, 0.27999999999999997, 0.2975, 0.31499999999999995, 0.33249999999999996, 0.35], [0.5477225575051623, 0.5477225575051623, 0.5477225575051623, 0.5477225575051623, 0.5477225575051623, 0.5477225575051623, 0.5477225575051623, 0.5477225575051623, 0.5477225575051623, 0.5477225575051623, 0.5477225575051623, 0.5477225575051623, 0.5477225575051623, 0.5477225575051623, 0.5477225575051623, 0.5477225575051623, 0.5477225575051623, 0.5477225575051623, 0.5477225575051623, 0.5477225575051623, 0.5477225575051623]], "\u03bb = 0.8": [[0.0, 0.05, 0.1, 0.15000000000000002, 0.2, 0.25, 0.30000000000000004, 0.35000000000000003, 0.4, 0.45, 0.5, 0.55, 0.6000000000000001, 0.65, 0.7000000000000001, 0.75, 0.8, 0.8500000000000001, 0.9, 0.9500000000000001, 1.0], [0.5477225575051623, 0.5477225575051623, 0.5477225575051623, 0.5477225575051623, 0.5477225575051623, 0.5477225575051623, 0.5477225575051623, 0.5477225575051623, 0.5477225575051623, 0.5477225575051623, 0.5477225575051623, 0.5477225575051623, 0.5477225575051623, 0.5477225575051623, 0.5477225575051623, 0.5477225575051623, 0.5477225575051623, 0.5477225575051623, 0.5477225575051623, 0.5477225575051623, 0.5477225575051623]], "\u03bb = 0": [[0.0, 0.05, 0.1, 0.15000000000000002, 0.2, 0.25, 0.30000000000000004, 0.35000000000000003, 0.4, 0.45, 0.5, 0.55, 0.6000000000000001, 0.65, 0.7000000000000001, 0.75, 0.8, 0.8500000000000001, 0.9, 0.9500000000000001, 1.0], [0.5477225575051623, 0.5477225575051623, 0.5477225575051623, 0.5477225575051623, 0.5477225575051623, 0.5477225575051623, 0.5477225575051623, 0.5477225575051623, 0.5477225575051623, 0.5477225575051623, 0.5477225575051623, 0.5477225575051623, 0.5477225575051623, 0.5477225575051623, 0.5477225575051623, 0.5477225575051623, 0.5477225575051623, 0.5477225575051623, 0.5477225575051623, 0.5477225575051623, 0.5477225575051623]], "\u03bb = 0.9": [[0.0, 0.05, 0.1, 0.15000000000000002, 0.2, 0.25, 0.30000000000000004, 0.35000000000000003, 0.4, 0.45, 0.5, 0.55, 0.6000000000000001, 0.65, 0.7000000000000001, 0.75, 0.8, 0.8500000000000001, 0.9, 0.9500000000000001, 1.0], [0.5477225575051623, 0.5477225575051623, 0.5477225575051623, 0.5477225575051623, 0.5477225575051623, 0.5477225575051623, 0.5477225575051623, 0.5477225575051623, 0.5477225575051623, 0.5477225575051623, 0.5477225575051623, 0.5477225575051623, 0.5477225575051623, 0.5477225575051623, 0.5477225575051623, 0.5477225575051623, 0.5477225575051623, 0.5477225575051623, 0.5477225575051623, 0.5477225575051623, 0.5477225575051623]], "\u03bb = 0.95": [[0.0, 0.05, 0.1, 0.15000000000000002, 0.2, 0.25, 0.30000000000000004, 0.35000000000000003, 0.4, 0.45, 0.5, 0.55, 0.6000000000000001, 0.65, 0.7000000000000001, 0.75, 0.8, 0.8500000000000001, 0.9, 0.9500000000000001, 1.0], [0.5477225575051623, 0.5477225575051623, 0.5477225575051623, 0.5477225575051623, 0.5477225575051623, 0.5477225575051623, 0.5477225575051623, 0.5477225575051623, 0.5477225575051623, 0.5477225575051623, 0.5477225575051623, 0.5477225575051623, 0.5477225575051623, 0.5477225575051623, 0.5477225575051623, 0.5477225575051623, 0.5477225575051623, 0.5477225575051623, 0.5477225575051623, 0.5477225575051623, 0.5477225575051623]], "\u03bb = 0.4": [[0.0, 0.05, 0.1, 0.15000000000000002, 0.2, 0.25, 0.30000000000000004, 0.35000000000000003, 0.4, 0.45, 0.5, 0.55, 0.6000000000000001, 0.65, 0.7000000000000001, 0.75, 0.8, 0.8500000000000001, 0.9, 0.9500000000000001, 1.0], [0.5477225575051623, 0.5477225575051623, 0.5477225575051623, 0.5477225575051623, 0.5477225575051623, 0.5477225575051623, 0.5477225575051623, 0.5477225575051623, 0.5477225575051623, 0.5477225575051623, 0.5477225575051623, 0.5477225575051623, 0.5477225575051623, 0.5477225575051623, 0.5477225575051623, 0.5477225575051623, 0.5477225575051623, 0.5477225575051623, 0.5477225575051623, 0.5477225575051623, 0.5477225575051623]], "\u03bb = 1": [[0.0, 0.005, 0.01, 0.015, 0.02, 0.025, 0.03, 0.035, 0.04, 0.045, 0.05, 0.055, 0.06, 0.065, 0.07, 0.075, 0.08, 0.085, 0.09, 0.095, 0.1], [0.5477225575051623, 0.5477225575051623, 0.5477225575051623, 0.5477225575051623, 0.5477225575051623, 0.5477225575051623, 0.5477225575051623, 0.5477225575051623, 0.5477225575051623, 0.5477225575051623, 0.5477225575051623, 0.5477225575051623, 0.5477225575051623, 0.5477225575051623, 0.5477225575051623, 0.5477225575051623, 0.5477225575051623, 0.5477225575051623, 0.5477225575051623, 0.5477225575051623, 0.5477225575051623]], "\u03bb = 0.975": [[0.0, 0.042499999999999996, 0.08499999999999999, 0.1275, 0.16999999999999998, 0.21249999999999997, 0.255, 0.2975, 0.33999999999999997, 0.38249999999999995, 0.42499999999999993, 0.46749999999999997, 0.51, 0.5525, 0.595, 0.6375, 0.6799999999999999, 0.7224999999999999, 0.7649999999999999, 0.8074999999999999, 0.85], [0.5477225575051623, 0.5477225575051623, 0.5477225575051623, 0.5477225575051623, 0.5477225575051623, 0.5477225575051623, 0.5477225575051623, 0.5477225575051623, 0.5477225575051623, 0.5477225575051623, 0.5477225575051623, 0.5477225575051623, 0.5477225575051623, 0.5477225575051623, 0.5477225575051623, 0.5477225575051623, 0.5477225575051623, 0.5477225575051623, 0.5477225575051623, 0.5477225575051623, 0.5477225575051623]]}