{"episode_types": ["t"], "timestamps": [1570032259.163848], "initial_reset_timestamp": 1570032257.457753, "episode_lengths": [12], "episode_rewards": [12.0]}