{"n = 1": [[0.15, 0.3, 0.44999999999999996, 0.6, 0.75, 0.8999999999999999, 1.05, 1.2, 1.3499999999999999, 1.5, 1.65], [455.29, 348.04, 285.52, 264.38, 240.44, 231.81, 225.52, 217.31, 227.92, 221.25, 227.09]], "n = 2": [[0.15, 0.3, 0.44999999999999996, 0.6, 0.75, 0.8999999999999999, 1.05, 1.2, 1.3499999999999999, 1.5, 1.65], [377.14, 283.21, 247.9, 230.27, 219.82, 215.38, 210.22, 213.67, 212.7, 226.64, 235.24]], "n = 16": [[0.15, 0.3, 0.44999999999999996, 0.6, 0.75, 0.8999999999999999, 1.05, 1.2, 1.3499999999999999, 1.5, 1.65], [224.71, 218.43, 222.87, 279.93, 400.0, 400.0, 400.0, 400.0, 400.0, 400.0, 400.0]], "n = 4": [[0.15, 0.3, 0.44999999999999996, 0.6, 0.75, 0.8999999999999999, 1.05, 1.2, 1.3499999999999999, 1.5, 1.65], [299.51, 233.2, 223.25, 209.93, 214.86, 194.85, 221.96, 204.49, 242.69, 400.0, 400.0]], "n = 8": [[0.15, 0.3, 0.44999999999999996, 0.6, 0.75, 0.8999999999999999, 1.05, 1.2, 1.3499999999999999, 1.5, 1.65], [258.86, 215.73, 214.7, 212.0, 201.08, 205.35, 400.0, 400.0, 400.0, 400.0, 400.0]]}