{"policy": [[0.0, 0.0, 0.0, 0.0, 1.0, 1.0, 1.0, 1.0, 1.0, 1.0, 1.0], [0.0, 0.0, 0.0, 1.0, 1.0, 1.0, 1.0, 1.0, 1.0, 1.0, 1.0], [0.0, 1.0, 1.0, 1.0, 1.0, 1.0, 1.0, 1.0, 1.0, 1.0, 1.0], [0.0, 1.0, 1.0, 1.0, 1.0, 1.0, 1.0, 1.0, 1.0, 1.0, 1.0]], "Priority 2": [[0, 1, 2, 3, 4, 5, 6, 7, 8, 9, 10], [-8.265758486230308, -4.048341929438094, -0.9603643388006317, 0.5822392748912297, 2.7136112261270267, 4.17546328397259, 5.601018243759146, 4.202649385137337, 0.4887425736618549, 0.02569468190956787, 0.02]], "Priority 8": [[0, 1, 2, 3, 4, 5, 6, 7, 8, 9, 10], [-7.28854456267613, 0.5391064023783664, 4.147308459071444, 6.551568958269199, 8.576816268475405, 10.235890900866002, 11.353937914954159, 8.06699215608317, 0.8912286401676319, 0.033613808886145805, 0.0]], "Priority 4": [[0, 1, 2, 3, 4, 5, 6, 7, 8, 9, 10], [-7.767126468063155, -3.5625212008678147, 0.1917372194694411, 2.8036503852547967, 4.4303084125625265, 6.051729172830777, 7.606258980657968, 5.361524088382699, 0.6379982458837278, 0.0409223985482685, 0.0398059204]], "Priority 1": [[0, 1, 2, 3, 4, 5, 6, 7, 8, 9, 10], [-8.28486445078056, -3.838294316950624, -1.2507067460426096, 0.7627752143129818, 1.4892404556278431, 2.8884303207521467, 4.317092069500879, 3.2442874866663716, 0.3037615038076589, 0.008606653577572964, 0.0011759826495000001]]}