{"initial_reset_timestamp": 1571592921.254226, "episode_types": ["t"], "episode_rewards": [200.0], "episode_lengths": [200], "timestamps": [1571592931.508151]}